First Name,Last Name,URL,Email Address,Company,Position,Connected On
Yara,Yardley,,,Adaptional,Account Executive,25 May 2026
Hugo,Fontaine,,,Salus,Growth Lead,14 May 2025
Uma,Novak,,,Gaia,Data Scientist,01 Jun 2026
Tessa,Winslow,,,Dash0,Data Scientist,19 Sep 2025
Oscar,Brightwater,,,Lambda Robotics,Data Scientist,23 Sep 2025
Jasper,Ostrander,,,dili,Product Manager,10 Jan 2025
Elena,Ostrander,,,Yuzu Health,Analyst,07 Feb 2026
Jonah,Vandermeer,,,Raycaster,Product Manager,25 Jul 2026
Grace,Pryor,,,Ergo,Growth Lead,03 Apr 2025
Grace,Kowalczyk,,,Ventura,Analyst,21 Jan 2025
Elif,Ellery,,,Axle Energy,Data Scientist,16 Sep 2024
Farah,Quill,,,Enterpret,Software Engineer,17 Aug 2024
Nadia,Silvestri,,,Medra AI,Product Manager,14 Jul 2026
Oscar,Delacroix,,,Ataraxis,Account Executive,27 Jun 2026
Hollis,Galloway,,,Primer,Software Engineer,01 May 2026
Celine,Juneau,,,DualEntry,Operations Manager,15 Apr 2026
Xavi,Fontaine,,,Pocket,Data Scientist,30 Aug 2026
Marco,Greaves,,,Conveo,Growth Lead,15 Jan 2026
Wes,Delacroix,,,Kastle,Growth Lead,22 Nov 2024
Zoe,Tanaka-Ross,,,Alasco,Software Engineer,08 Mar 2025
Dev,Larkspur,,,Clasp,Account Executive,25 Apr 2024
Zane,Abernathy,,,Coral Care,Operations Manager,14 Jun 2026
Dario,Hartwell,,,Aegis AI,Account Executive,24 Jan 2026
Blake,Juneau,,,Contrario,Analyst,14 Aug 2024
Avery,Castellan,,,Kato,Software Engineer,26 Nov 2025
Jasper,Novak,,,Treet,Growth Lead,17 Aug 2026
Bram,Ingram,,,Google,Designer,30 Nov 2025
Kira,Quill,,,Stripe,Software Engineer,19 Jul 2026
Bram,Kessler,,,Datadog,Analyst,30 Mar 2025
Bram,Winslow,,,Peloton,Product Manager,11 Jul 2025
Dmitri,Iverson,,,Spotify,Account Executive,02 Dec 2025
Gideon,Novak,,,Oura,Product Manager,03 Oct 2025
Hugo,Fairbanks,,,Google,Product Manager,02 Nov 2024
Felix,Holbrook,,,Stripe,Operations Manager,21 Feb 2025
Cleo,Rutherford,,,Datadog,Designer,17 Feb 2025
Leo,Jasperson,,,Peloton,Account Executive,25 Sep 2024
Oscar,Castellan,,,Spotify,Data Scientist,30 Jul 2024
Dmitri,Pennington,,,Oura,Designer,20 Jul 2025
Tessa,Vasquez-Hale,,,Google,Data Scientist,11 Oct 2025
Gideon,Ellery,,,Stripe,Data Scientist,05 Aug 2025
Oscar,Lindqvist,,,Datadog,Growth Lead,01 Aug 2025
Elena,Winslow,,,Peloton,Data Scientist,09 Jul 2025
Iris,Northcott,,,Spotify,Growth Lead,20 Nov 2024
Dev,Galloway,,,Oura,Product Manager,31 Dec 2025
Nico,Ravensworth,,,Google,Designer,21 Sep 2024
Yara,Quill,,,Stripe,Data Scientist,29 Dec 2025
Ada,Tanaka-Ross,,,Datadog,Analyst,22 Oct 2024
Isaac,Zimmer,,,Peloton,Software Engineer,05 Jun 2026
Rosa,Marchetti,,,Spotify,Product Manager,29 Aug 2024
Leo,Dunmore,,,Oura,Product Manager,13 Jul 2025
Jonah,Tanaka-Ross,,,Google,Account Executive,30 Sep 2024
Hugo,Ravensworth,,,Stripe,Operations Manager,16 Feb 2025
Ben,Juneau,,,Datadog,Account Executive,23 May 2025
Nadia,Zimmer,,,Peloton,Product Manager,05 May 2025
Avery,Vasquez-Hale,,,Spotify,Operations Manager,28 Mar 2025
Valeria,Iverson,,,Oura,Account Executive,03 Jan 2025
Iris,Vandermeer,,,Google,Data Scientist,04 Jan 2026
Uma,Yardley,,,Stripe,Data Scientist,03 Sep 2025
Wes,Kowalczyk,,,Datadog,Software Engineer,26 Jul 2025
Theo,Jasperson,,,Peloton,Designer,13 Dec 2024
Dmitri,Holbrook,,,Spotify,Account Executive,20 Jun 2026
Marco,Ravensworth,,,Oura,Analyst,13 Dec 2024
